{
    "$schema": "http://schema.management.azure.com/schemas/2015-01-01/deploymentTemplate.json#",
    "contentVersion": "1.0.0.0",
    "parameters": {
        "factoryName": {
            "type": "string",
            "metadata": "Data Factory name",
            "defaultValue": "eapdfpoc"
        },
        "EapStorageAdlsPoc1_accountKey": {
            "type": "secureString",
            "metadata": "Secure string for 'accountKey' of 'EapStorageAdlsPoc1'"
        },
        "NoaaIsdFtpSvc_properties_typeProperties_host": {
            "type": "string",
            "defaultValue": "ftp://ftp.ncdc.noaa.gov"
        },
        "NoaaIsdServer_properties_typeProperties_url": {
            "type": "string",
            "defaultValue": "https://www.ncei.noaa.gov/data/global-hourly/access/"
        },
        "NoaaDataService_properties_typeProperties_url": {
            "type": "string",
            "defaultValue": "https://www.ncei.noaa.gov/data/"
        },
        "EapStorageAdlsPoc1_properties_typeProperties_url": {
            "type": "string",
            "defaultValue": "https://eapadlsgen2.dfs.core.windows.net"
        },
        "containerUri": {
            "type": "string",
            "metadata": "URI to storage account containing linked ARM templates"
        },
        "containerSasToken": {
            "type": "string",
            "metadata": "Sas token to storage account containing linked ARM templates"
        }
    },
    "variables": {
        "factoryId": "[concat('Microsoft.DataFactory/factories/', parameters('factoryName'))]"
    },
    "resources": [
        {
            "name": "ArmTemplate_0",
            "type": "Microsoft.Resources/deployments",
            "apiVersion": "2018-02-01",
            "properties": {
                "mode": "incremental",
                "templateLink": {
                    "uri": "[concat(parameters('containerUri'), '/ArmTemplate_0.json', parameters('containerSasToken'))]",
                    "contentVersion": "1.0.0.0"
                },
                "parameters": {
                    "factoryName": {
                        "value": "[parameters('factoryName')]"
                    },
                    "EapStorageAdlsPoc1_accountKey": {
                        "value": "[parameters('EapStorageAdlsPoc1_accountKey')]"
                    },
                    "NoaaIsdFtpSvc_properties_typeProperties_host": {
                        "value": "[parameters('NoaaIsdFtpSvc_properties_typeProperties_host')]"
                    },
                    "NoaaIsdServer_properties_typeProperties_url": {
                        "value": "[parameters('NoaaIsdServer_properties_typeProperties_url')]"
                    },
                    "NoaaDataService_properties_typeProperties_url": {
                        "value": "[parameters('NoaaDataService_properties_typeProperties_url')]"
                    },
                    "EapStorageAdlsPoc1_properties_typeProperties_url": {
                        "value": "[parameters('EapStorageAdlsPoc1_properties_typeProperties_url')]"
                    }
                }
            },
            "dependsOn": []
        }
    ]
}