{
    "$schema": "https://schema.management.azure.com/schemas/2015-01-01/deploymentParameters.json#",
    "contentVersion": "1.0.0.0",
    "parameters": {
        "factoryName": {
            "value": "eapdfpoc"
        },
        "EapStorageAdlsPoc1_accountKey": {
            "value": ""
        },
        "NoaaIsdFtpSvc_properties_typeProperties_host": {
            "value": "ftp://ftp.ncdc.noaa.gov"
        },
        "NoaaIsdServer_properties_typeProperties_url": {
            "value": "https://www.ncei.noaa.gov/data/global-hourly/access/"
        },
        "NoaaDataService_properties_typeProperties_url": {
            "value": "https://www.ncei.noaa.gov/data/"
        },
        "EapStorageAdlsPoc1_properties_typeProperties_url": {
            "value": "https://eapadlsgen2.dfs.core.windows.net"
        },
        "containerUri": {
            "value": ""
        },
        "containerSasToken": {
            "value": ""
        }
    }
}