{
    "$schema": "https://schema.management.azure.com/schemas/2015-01-01/deploymentTemplate.json#",
    "contentVersion": "1.0.0.0",
    "parameters": {
        "disks_eapubuntuvm_DataDisk_0_name": {
            "defaultValue": "eapubuntuvm_DataDisk_0",
            "type": "String"
        }
    },
    "variables": {},
    "resources": [
        {
            "type": "Microsoft.Compute/disks",
            "apiVersion": "2019-07-01",
            "name": "[parameters('disks_eapubuntuvm_DataDisk_0_name')]",
            "location": "westeurope",
            "sku": {
                "name": "StandardSSD_LRS",
                "tier": "Standard"
            },
            "properties": {
                "creationData": {
                    "createOption": "Empty"
                },
                "diskSizeGB": 128,
                "diskIOPSReadWrite": 500,
                "diskMBpsReadWrite": 60,
                "encryption": {
                    "type": "EncryptionAtRestWithPlatformKey"
                }
            }
        }
    ]
}