{
    "$schema": "https://schema.management.azure.com/schemas/2015-01-01/deploymentTemplate.json#",
    "contentVersion": "1.0.0.0",
    "parameters": {
        "publicIPAddresses_eapubuntuvm_ip_name": {
            "defaultValue": "eapubuntuvm-ip",
            "type": "String"
        }
    },
    "variables": {},
    "resources": [
        {
            "type": "Microsoft.Network/publicIPAddresses",
            "apiVersion": "2019-11-01",
            "name": "[parameters('publicIPAddresses_eapubuntuvm_ip_name')]",
            "location": "westeurope",
            "sku": {
                "name": "Basic"
            },
            "properties": {
                "ipAddress": "52.166.180.230",
                "publicIPAddressVersion": "IPv4",
                "publicIPAllocationMethod": "Static",
                "idleTimeoutInMinutes": 4,
                "dnsSettings": {
                    "domainNameLabel": "eapubuntu",
                    "fqdn": "eapubuntu.westeurope.cloudapp.azure.com"
                },
                "ipTags": []
            }
        }
    ]
}