{
    "$schema": "https://schema.management.azure.com/schemas/2015-01-01/deploymentParameters.json#",
    "contentVersion": "1.0.0.0",
    "parameters": {
        "virtualMachines_eapstreamsetch1vm_name": {
            "value": null
        },
        "disks_eapstreamsetch1vm_OsDisk_1_7f601daff41f4b0f9e7c97ed708d0225_externalid": {
            "value": null
        },
        "disks_eapstreamsetch1vm_DataDisk_0_externalid": {
            "value": null
        },
        "networkInterfaces_eapstreamsetch1vm839_externalid": {
            "value": null
        }
    }
}