{
    "$schema": "https://schema.management.azure.com/schemas/2015-01-01/deploymentParameters.json#",
    "contentVersion": "1.0.0.0",
    "parameters": {
        "virtualMachines_eapubuntuvm_name": {
            "value": null
        },
        "disks_eapubuntuvm_disk1_c8886bd489324a6ab8e5fa6ece0d7ea3_externalid": {
            "value": null
        },
        "disks_eapubuntuvm_DataDisk_0_externalid": {
            "value": null
        },
        "networkInterfaces_eapubuntuvm363_externalid": {
            "value": null
        }
    }
}