{
    "$schema": "https://schema.management.azure.com/schemas/2015-01-01/deploymentTemplate.json#",
    "contentVersion": "1.0.0.0",
    "parameters": {
        "virtualMachines_eapubuntuvm_name": {
            "defaultValue": "eapubuntuvm",
            "type": "String"
        },
        "disks_eapubuntuvm_disk1_c8886bd489324a6ab8e5fa6ece0d7ea3_externalid": {
            "defaultValue": "/subscriptions/7217fbd8-5be1-492a-97b4-60fd8d5e3080/resourceGroups/RG-ADLSGEN2-POC/providers/Microsoft.Compute/disks/eapubuntuvm_disk1_c8886bd489324a6ab8e5fa6ece0d7ea3",
            "type": "String"
        },
        "disks_eapubuntuvm_DataDisk_0_externalid": {
            "defaultValue": "/subscriptions/7217fbd8-5be1-492a-97b4-60fd8d5e3080/resourceGroups/rg-adlsgen2-poc/providers/Microsoft.Compute/disks/eapubuntuvm_DataDisk_0",
            "type": "String"
        },
        "networkInterfaces_eapubuntuvm363_externalid": {
            "defaultValue": "/subscriptions/7217fbd8-5be1-492a-97b4-60fd8d5e3080/resourceGroups/rg-adlsgen2-poc/providers/Microsoft.Network/networkInterfaces/eapubuntuvm363",
            "type": "String"
        }
    },
    "variables": {},
    "resources": [
        {
            "type": "Microsoft.Compute/virtualMachines",
            "apiVersion": "2019-07-01",
            "name": "[parameters('virtualMachines_eapubuntuvm_name')]",
            "location": "westeurope",
            "properties": {
                "hardwareProfile": {
                    "vmSize": "Standard_B1s"
                },
                "storageProfile": {
                    "imageReference": {
                        "publisher": "Canonical",
                        "offer": "UbuntuServer",
                        "sku": "18.04-LTS",
                        "version": "latest"
                    },
                    "osDisk": {
                        "osType": "Linux",
                        "name": "[concat(parameters('virtualMachines_eapubuntuvm_name'), '_disk1_c8886bd489324a6ab8e5fa6ece0d7ea3')]",
                        "createOption": "FromImage",
                        "caching": "ReadWrite",
                        "managedDisk": {
                            "id": "[parameters('disks_eapubuntuvm_disk1_c8886bd489324a6ab8e5fa6ece0d7ea3_externalid')]"
                        }
                    },
                    "dataDisks": [
                        {
                            "lun": 0,
                            "name": "[concat(parameters('virtualMachines_eapubuntuvm_name'), '_DataDisk_0')]",
                            "createOption": "Attach",
                            "caching": "None",
                            "writeAcceleratorEnabled": false,
                            "managedDisk": {
                                "id": "[parameters('disks_eapubuntuvm_DataDisk_0_externalid')]"
                            },
                            "toBeDetached": false
                        }
                    ]
                },
                "osProfile": {
                    "computerName": "[parameters('virtualMachines_eapubuntuvm_name')]",
                    "adminUsername": "eapuser",
                    "linuxConfiguration": {
                        "disablePasswordAuthentication": false,
                        "provisionVMAgent": true
                    },
                    "secrets": [],
                    "allowExtensionOperations": true,
                    "requireGuestProvisionSignal": true
                },
                "networkProfile": {
                    "networkInterfaces": [
                        {
                            "id": "[parameters('networkInterfaces_eapubuntuvm363_externalid')]"
                        }
                    ]
                },
                "diagnosticsProfile": {
                    "bootDiagnostics": {
                        "enabled": true,
                        "storageUri": "https://eapadlsgen2.blob.core.windows.net/"
                    }
                }
            }
        }
    ]
}