{
    "$schema": "https://schema.management.azure.com/schemas/2015-01-01/deploymentTemplate.json#",
    "contentVersion": "1.0.0.0",
    "parameters": {
        "disks_eapubuntuvm_disk1_c8886bd489324a6ab8e5fa6ece0d7ea3_name": {
            "defaultValue": "eapubuntuvm_disk1_c8886bd489324a6ab8e5fa6ece0d7ea3",
            "type": "String"
        }
    },
    "variables": {},
    "resources": [
        {
            "type": "Microsoft.Compute/disks",
            "apiVersion": "2019-07-01",
            "name": "[parameters('disks_eapubuntuvm_disk1_c8886bd489324a6ab8e5fa6ece0d7ea3_name')]",
            "location": "westeurope",
            "sku": {
                "name": "Standard_LRS",
                "tier": "Standard"
            },
            "properties": {
                "osType": "Linux",
                "hyperVGeneration": "V1",
                "creationData": {
                    "createOption": "FromImage",
                    "imageReference": {
                        "id": "/Subscriptions/b990652e-8f0a-4873-8e16-839a1f334cab/Providers/Microsoft.Compute/Locations/westeurope/Publishers/canonical/ArtifactTypes/VMImage/Offers/ubuntuserver/Skus/18.04-lts/Versions/18.04.202002040"
                    }
                },
                "diskSizeGB": 30,
                "diskIOPSReadWrite": 500,
                "diskMBpsReadWrite": 60,
                "encryption": {
                    "type": "EncryptionAtRestWithPlatformKey"
                }
            }
        }
    ]
}