{
    "$schema": "https://schema.management.azure.com/schemas/2015-01-01/deploymentParameters.json#",
    "contentVersion": "1.0.0.0",
    "parameters": {
        "virtualMachines_eapstreamsettransvm_name": {
            "value": null
        },
        "disks_eapstreamsettransvm_OsDisk_1_9eb2821be8134e5d8355ba71bdf08541_externalid": {
            "value": null
        },
        "disks_eapstreamsettransvm_DataDisk_0_externalid": {
            "value": null
        },
        "networkInterfaces_eapstreamsettransvm457_externalid": {
            "value": null
        }
    }
}