{
    "$schema": "https://schema.management.azure.com/schemas/2015-01-01/deploymentTemplate.json#",
    "contentVersion": "1.0.0.0",
    "parameters": {
        "virtualMachines_eapstreamsettransvm_name": {
            "defaultValue": "eapstreamsettransvm",
            "type": "String"
        },
        "disks_eapstreamsettransvm_OsDisk_1_9eb2821be8134e5d8355ba71bdf08541_externalid": {
            "defaultValue": "/subscriptions/7217fbd8-5be1-492a-97b4-60fd8d5e3080/resourceGroups/RG-ADLSGEN2-POC/providers/Microsoft.Compute/disks/eapstreamsettransvm_OsDisk_1_9eb2821be8134e5d8355ba71bdf08541",
            "type": "String"
        },
        "disks_eapstreamsettransvm_DataDisk_0_externalid": {
            "defaultValue": "/subscriptions/7217fbd8-5be1-492a-97b4-60fd8d5e3080/resourceGroups/rg-adlsgen2-poc/providers/Microsoft.Compute/disks/eapstreamsettransvm_DataDisk_0",
            "type": "String"
        },
        "networkInterfaces_eapstreamsettransvm457_externalid": {
            "defaultValue": "/subscriptions/7217fbd8-5be1-492a-97b4-60fd8d5e3080/resourceGroups/rg-adlsgen2-poc/providers/Microsoft.Network/networkInterfaces/eapstreamsettransvm457",
            "type": "String"
        }
    },
    "variables": {},
    "resources": [
        {
            "type": "Microsoft.Compute/virtualMachines",
            "apiVersion": "2019-07-01",
            "name": "[parameters('virtualMachines_eapstreamsettransvm_name')]",
            "location": "westeurope",
            "plan": {
                "name": "streamsets-transfomer-azure",
                "product": "streamsets-transformer",
                "publisher": "streamsets"
            },
            "properties": {
                "hardwareProfile": {
                    "vmSize": "Standard_D2s_v3"
                },
                "storageProfile": {
                    "imageReference": {
                        "publisher": "streamsets",
                        "offer": "streamsets-transformer",
                        "sku": "streamsets-transfomer-azure",
                        "version": "3.12.00"
                    },
                    "osDisk": {
                        "osType": "Linux",
                        "name": "[concat(parameters('virtualMachines_eapstreamsettransvm_name'), '_OsDisk_1_9eb2821be8134e5d8355ba71bdf08541')]",
                        "createOption": "FromImage",
                        "caching": "ReadWrite",
                        "managedDisk": {
                            "id": "[parameters('disks_eapstreamsettransvm_OsDisk_1_9eb2821be8134e5d8355ba71bdf08541_externalid')]"
                        }
                    },
                    "dataDisks": [
                        {
                            "lun": 0,
                            "name": "[concat(parameters('virtualMachines_eapstreamsettransvm_name'), '_DataDisk_0')]",
                            "createOption": "Attach",
                            "caching": "None",
                            "writeAcceleratorEnabled": false,
                            "managedDisk": {
                                "id": "[parameters('disks_eapstreamsettransvm_DataDisk_0_externalid')]"
                            },
                            "toBeDetached": false
                        }
                    ]
                },
                "osProfile": {
                    "computerName": "[parameters('virtualMachines_eapstreamsettransvm_name')]",
                    "adminUsername": "eapuser",
                    "linuxConfiguration": {
                        "disablePasswordAuthentication": false,
                        "provisionVMAgent": true
                    },
                    "secrets": [],
                    "allowExtensionOperations": true,
                    "requireGuestProvisionSignal": true
                },
                "networkProfile": {
                    "networkInterfaces": [
                        {
                            "id": "[parameters('networkInterfaces_eapstreamsettransvm457_externalid')]"
                        }
                    ]
                },
                "diagnosticsProfile": {
                    "bootDiagnostics": {
                        "enabled": true,
                        "storageUri": "https://eapadlsgen2.blob.core.windows.net/"
                    }
                }
            }
        }
    ]
}