{
    "$schema": "https://schema.management.azure.com/schemas/2015-01-01/deploymentParameters.json#",
    "contentVersion": "1.0.0.0",
    "parameters": {
        "virtualMachines_eapstreamsetdcvm_name": {
            "value": null
        },
        "disks_eapstreamsetdcvm_OsDisk_1_c3981d023d7a4ff88797e6afddff5384_externalid": {
            "value": null
        },
        "disks_eapstreamsetdcvm_DataDisk_0_externalid": {
            "value": null
        },
        "networkInterfaces_eapstreamsetdcvm489_externalid": {
            "value": null
        }
    }
}