{
    "$schema": "https://schema.management.azure.com/schemas/2015-01-01/deploymentTemplate.json#",
    "contentVersion": "1.0.0.0",
    "parameters": {
        "bastionHosts_eapstreamset_bastion_name": {
            "defaultValue": "eapstreamset-bastion",
            "type": "String"
        },
        "publicIPAddresses_eapstreamsetip4261_externalid": {
            "defaultValue": "/subscriptions/7217fbd8-5be1-492a-97b4-60fd8d5e3080/resourceGroups/rg-adlsgen2-poc/providers/Microsoft.Network/publicIPAddresses/eapstreamsetip4261",
            "type": "String"
        },
        "virtualNetworks_eapstreamsetdcvnet_externalid": {
            "defaultValue": "/subscriptions/7217fbd8-5be1-492a-97b4-60fd8d5e3080/resourceGroups/rg-adlsgen2-poc/providers/Microsoft.Network/virtualNetworks/eapstreamsetdcvnet",
            "type": "String"
        }
    },
    "variables": {},
    "resources": [
        {
            "type": "Microsoft.Network/bastionHosts",
            "apiVersion": "2019-11-01",
            "name": "[parameters('bastionHosts_eapstreamset_bastion_name')]",
            "location": "westeurope",
            "properties": {
                "dnsName": "bst-97cec100-6aae-44d7-930f-4953cc66b9a3.bastion.azure.com",
                "ipConfigurations": [
                    {
                        "name": "IpConf",
                        "properties": {
                            "privateIPAllocationMethod": "Dynamic",
                            "publicIPAddress": {
                                "id": "[parameters('publicIPAddresses_eapstreamsetip4261_externalid')]"
                            },
                            "subnet": {
                                "id": "[concat(parameters('virtualNetworks_eapstreamsetdcvnet_externalid'), '/subnets/AzureBastionSubnet')]"
                            }
                        }
                    }
                ]
            }
        }
    ]
}