{
    "$schema": "https://schema.management.azure.com/schemas/2015-01-01/deploymentTemplate.json#",
    "contentVersion": "1.0.0.0",
    "parameters": {
        "publicIPAddresses_vnet_eapadlsgen2a_ip_name": {
            "defaultValue": "vnet-eapadlsgen2a-ip",
            "type": "String"
        }
    },
    "variables": {},
    "resources": [
        {
            "type": "Microsoft.Network/publicIPAddresses",
            "apiVersion": "2019-11-01",
            "name": "[parameters('publicIPAddresses_vnet_eapadlsgen2a_ip_name')]",
            "location": "westeurope",
            "sku": {
                "name": "Standard"
            },
            "properties": {
                "ipAddress": "51.138.67.46",
                "publicIPAddressVersion": "IPv4",
                "publicIPAllocationMethod": "Static",
                "idleTimeoutInMinutes": 4,
                "ipTags": []
            }
        }
    ]
}