{
    "$schema": "https://schema.management.azure.com/schemas/2015-01-01/deploymentParameters.json#",
    "contentVersion": "1.0.0.0",
    "parameters": {
        "networkInterfaces_eapubuntuvm363_name": {
            "value": null
        },
        "publicIPAddresses_eapubuntuvm_ip_externalid": {
            "value": null
        },
        "virtualNetworks_vnet_eapadlsgen2a_externalid": {
            "value": null
        },
        "networkSecurityGroups_eapubuntuvm_nsg_externalid": {
            "value": null
        }
    }
}