{
    "$schema": "https://schema.management.azure.com/schemas/2015-01-01/deploymentTemplate.json#",
    "contentVersion": "1.0.0.0",
    "parameters": {
        "networkInterfaces_eapubuntuvm363_name": {
            "defaultValue": "eapubuntuvm363",
            "type": "String"
        },
        "publicIPAddresses_eapubuntuvm_ip_externalid": {
            "defaultValue": "/subscriptions/7217fbd8-5be1-492a-97b4-60fd8d5e3080/resourceGroups/rg-adlsgen2-poc/providers/Microsoft.Network/publicIPAddresses/eapubuntuvm-ip",
            "type": "String"
        },
        "virtualNetworks_vnet_eapadlsgen2a_externalid": {
            "defaultValue": "/subscriptions/7217fbd8-5be1-492a-97b4-60fd8d5e3080/resourceGroups/rg-adlsgen2-poc/providers/Microsoft.Network/virtualNetworks/vnet-eapadlsgen2a",
            "type": "String"
        },
        "networkSecurityGroups_eapubuntuvm_nsg_externalid": {
            "defaultValue": "/subscriptions/7217fbd8-5be1-492a-97b4-60fd8d5e3080/resourceGroups/rg-adlsgen2-poc/providers/Microsoft.Network/networkSecurityGroups/eapubuntuvm-nsg",
            "type": "String"
        }
    },
    "variables": {},
    "resources": [
        {
            "type": "Microsoft.Network/networkInterfaces",
            "apiVersion": "2019-11-01",
            "name": "[parameters('networkInterfaces_eapubuntuvm363_name')]",
            "location": "westeurope",
            "properties": {
                "ipConfigurations": [
                    {
                        "name": "ipconfig1",
                        "properties": {
                            "privateIPAddress": "10.2.0.4",
                            "privateIPAllocationMethod": "Dynamic",
                            "publicIPAddress": {
                                "id": "[parameters('publicIPAddresses_eapubuntuvm_ip_externalid')]"
                            },
                            "subnet": {
                                "id": "[concat(parameters('virtualNetworks_vnet_eapadlsgen2a_externalid'), '/subnets/default')]"
                            },
                            "primary": true,
                            "privateIPAddressVersion": "IPv4"
                        }
                    }
                ],
                "dnsSettings": {
                    "dnsServers": []
                },
                "enableAcceleratedNetworking": false,
                "enableIPForwarding": false,
                "networkSecurityGroup": {
                    "id": "[parameters('networkSecurityGroups_eapubuntuvm_nsg_externalid')]"
                }
            }
        }
    ]
}